1,1깵1
2,1깵2
3,1깵3
4,1깵4
5,1깵5
6,1괉1
7,1괉2
8,1괉3
9,1괉4
10,1괉5
11,1낸1
12,1낸2
13,1낸3
14,1낸4
15,1낸5
16,1낸6
17,1뒞1
18,1뒞2
19,1뒞3
20,1뒞4
21,1뒞5
22,1伽
23,1佳
24,1假
25,1價
26,1加
27,2깵1
28,2깵2
29,2깵3
30,2깵4
31,2깵5
32,2괉1
33,2괉2
34,2괉3
35,2괉4
36,2괉5
37,2낸1
38,2낸2
39,2낸3
40,2낸4
41,2낸5
42,2낸6
43,2뒞1
44,2뒞2
45,2뒞3
46,2뒞4
47,2뒞5
48,2伽
49,2佳
50,2假
51,2價
52,2加
53,3깵1
54,3깵2
55,3깵3
56,3깵4
57,3깵5
58,3괉1
59,3괉2
60,3괉3
61,3괉4
62,3괉5
63,3낸1
64,3낸2
65,3낸3
66,3낸4
67,3낸5
68,3낸6
69,3뒞1
70,3뒞2
71,3뒞3
72,3뒞4
73,3뒞5
74,3伽
75,3佳
76,3假
77,3價
78,3加
79,4깵1
80,4깵2
81,4깵3
82,4깵4
83,4깵5
84,4괉1
85,4괉2
86,4괉3
87,4괉4
88,4괉5
89,4낸1
90,4낸2
91,4낸3
92,4낸4
93,4낸5
94,4낸6
95,4뒞1
96,4뒞2
97,4뒞3
98,4뒞4
99,4뒞5
100,4伽
101,4佳
102,4假
103,4價
104,4加
105,1깵1
106,1깵2
107,1깵3
108,1깵4
109,1깵5
110,1괉1
111,1괉2
112,1괉3
113,1괉4
114,1괉5
115,1낸1
116,1낸2
117,1낸3
118,1낸4
119,1낸5
120,1낸6
121,1뒞1
122,1뒞2
123,1뒞3
124,1뒞4
125,1뒞5
126,1伽
127,1佳
128,1假
129,1價
130,1加
131,2깵1
132,2깵2
133,2깵3
134,2깵4
135,2깵5
136,2괉1
137,2괉2
138,2괉3
139,2괉4
140,2괉5
141,2낸1
142,2낸2
143,2낸3
144,2낸4
145,2낸5
146,2낸6
147,2뒞1
148,2뒞2
149,2뒞3
150,2뒞4
151,2뒞5
152,2伽
153,2佳
154,2假
155,2價
156,2加
157,3깵1
158,3깵2
159,3깵3
160,3깵4
161,3깵5
162,3괉1
163,3괉2
164,3괉3
165,3괉4
166,3괉5
167,3낸1
168,3낸2
169,3낸3
170,3낸4
171,3낸5
172,3낸6
173,3뒞1
174,3뒞2
175,3뒞3
176,3뒞4
177,3뒞5
178,3伽
179,3佳
180,3假
181,3價
182,3加
183,4깵1
184,4깵2
185,4깵3
186,4깵4
187,4깵5
188,4괉1
189,4괉2
190,4괉3
191,4괉4
192,4괉5
193,4낸1
194,4낸2
195,4낸3
196,4낸4
197,4낸5
198,4낸6
199,4뒞1
200,4뒞2
201,4뒞3
202,4뒞4
203,4뒞5
204,4伽
205,4佳
206,4假
207,4價
208,4加
209,1깵1
210,1깵2
211,1깵3
212,1깵4
213,1깵5
214,1괉1
215,1괉2
216,1괉3
217,1괉4
218,1괉5
219,1낸1
220,1낸2
221,1낸3
222,1낸4
223,1낸5
224,1낸6
225,1뒞1
226,1뒞2
227,1뒞3
228,1뒞4
229,1뒞5
230,1伽
231,1佳
232,1假
233,1價
234,1加
235,2깵1
236,2깵2
237,2깵3
238,2깵4
239,2깵5
240,2괉1
241,2괉2
242,2괉3
243,2괉4
244,2괉5
245,2낸1
246,2낸2
247,2낸3
248,2낸4
249,2낸5
250,2낸6
251,2뒞1
252,2뒞2
253,2뒞3
254,2뒞4
255,2뒞5
256,2伽
257,2佳
258,2假
259,2價
260,2加
261,3깵1
262,3깵2
263,3깵3
264,3깵4
265,3깵5
266,3괉1
267,3괉2
268,3괉3
269,3괉4
270,3괉5
271,3낸1
272,3낸2
273,3낸3
274,3낸4
275,3낸5
276,3낸6
277,3뒞1
278,3뒞2
279,3뒞3
280,3뒞4
281,3뒞5
282,3伽
283,3佳
284,3假
285,3價
286,3加
287,4깵1
288,4깵2
289,4깵3
290,4깵4
291,4깵5
292,4괉1
293,4괉2
294,4괉3
295,4괉4
296,4괉5
297,4낸1
298,4낸2
299,4낸3
300,4낸4
301,4낸5
302,4낸6
303,4뒞1
304,4뒞2
305,4뒞3
306,4뒞4
307,4뒞5
308,4伽
309,4佳
310,4假
311,4價
312,4加